#,Nurse,Hospital,Branch,Department,Status,#
1,"Priya Shah","Purus Corporation",WB,Dept-1,Active
5,"Lka Klak",,,,Active
6,"Bernard Mcleod","Ornare Lectus Incorporated",IV,Borsbeek,Active
7," ","Gravida Sit Amet LLP",PR,Benalla,Active
8,"Harrison Yates","Quam Pellentesque Incorporated",Diy,"Serralunga Alba",Active
9," ","Vestibulum Ante Industries",LA,Cour-sur-Heure,Active
10,"Stacey Livingston","Eu Sem Pellentesque Company",CM,Langholm,Active
11,"Martin Lowery","Non Dui Nec Corporation","Zuid Holland",Whitby,Active
12,"Harrison Yates","Enim Corp.",Ogun,Aligarh,Active
13,,"Tincidunt Orci Ltd",BA,Jupille-sur-Meuse,Active
14,"Whilemina Reed","Purus LLC",VEN,Niteroi,Active
15,"Brennan Rios","Phasellus At Augue Limited",Louisiana,Pilibhit,Active
16,"Eden Haynes","Magna Phasellus Industries",WA,"Sant'Angelo in Pontano",Active
17,"Stacey Livingston","Massa Integer Ltd","Ma opolskie",Hanret,Active
18,,"Lorem Ac Consulting",Maranhao,Empedrado,Active
19,"Whilemina Reed","Orci Ltd",X,"Tione di Trento",Active
20,"Bernard Mcleod","Massa Integer Ltd","Ma opolskie",Hanret,Active
21," ","Lorem Ipsum Sodales LLP",ON,Gibsons,Active
22,,"Ornare Lectus Incorporated",Veneto,Vergemoli,Active
23,"Stacey Livingston","Ligula Aenean Euismod Consulting",Berlin,"Lauro de Freitas",Active
24,"Cheryl Thomas","Non Dui Nec Corporation","Zuid Holland",Whitby,Active
25,"Stacey Livingston","Sagittis Corporation",Wie,Gattatico,Active
26,"Whilemina Reed","Ac Mi Eleifend Industries",Vienna,Moffat,Active
27,"Ranchi Patel","Enim Corp.",Ogun,Aligarh,Active
28,"Harrison Yates","Enim Corp.",C,"Ahmadpur East",Active
29,"Blair Bush","Lorem Ac Consulting",NE,Morkhoven,Active
31,"Brennan Rios","Vestibulum Ante Industries",LA,Cour-sur-Heure,Active
33,"Blair Bush","Lorem Ac Consulting","New South Wales",Albacete,Active
34,"Lka Klak","Tincidunt Foundation",Wie,Mesoraca,Active
35,"Eden Haynes","Euismod Incorporated",sdurfa,"Sankt Ingbert",Active
36,"Ranchi Patel","Phasellus At Augue Limited",Louisiana,Timkur,Active
37,"Harrison Yates","Lorem Ac Consulting",NE,Morkhoven,Active
38,"Stacey Livingston","Phasellus At Augue Limited",Louisiana,Lafayette,Active
39,"Stacey Livingston","Faucibus Lectus A Foundation",Emilia-Romagna,Evansville,Active
41,"Lka Klak","Faucibus Lectus A Foundation",Emilia-Romagna,Evansville,Active
42,"Martin Lowery","Non Nisi LLC",odzkie,Salles,Active
43,"Bernard Mcleod","Pharetra Corporation",Istanbul,Fulda,Active
44,"Stacey Livingston","Cursus Ltd",Rivers,Luckenwalde,Active
45,"Madison Sellers","Ac Mi Eleifend Industries",Vienna,Moffat,Active
46,"Celeste Barry","Ullamcorper Velit In Limited","Castilla y Leon","Port Harcourt",Active
47,"Madison Sellers","Eu Sem Pellentesque Company",CM,Renfrew,Active
48,"Whilemina Reed","Orci Ltd",X,Taby,Active
49,"Lka Klak","Elit Pharetra Inc.",W,Dollard-des-Ormeaux,Active
50,"Jason Oliver","Purus Corporation","Andhra Pradesh",Avila,Active
51,"Martin Lowery","Vulputate Consulting",Toscana,Curico,Active
52,"Narshima Ananya","Purus Corporation",WB,Dept-1,Active
53,"Whilemina Reed","Fames Company",Ist,Nodebais,Active
54,"Ranchi Patel","Faucibus Lectus A Foundation",Emilia-Romagna,Evansville,Active
55,"Brennan Rios","Nullam Lobortis Quam PC",Wie,Saint-Nicolas,Active
56,"Stacey Livingston","Et Industries",Delta,Itterbeek,Active
57,,"Elit Pharetra Inc.",W,Dollard-des-Ormeaux,Active
58,"Martin Lowery","Magna Phasellus Industries",SP,Panchia,Active
59,"Lka Klak","Lorem Ac Consulting",Maopolskie,Paulista,Active
60,"Bernard Mcleod","Purus Corporation",WB,Dept-2,Active
61,,"In Tincidunt Corporation",Vienna,Sambreville,Active
62,"Kasper Dixon","Magna Phasellus Industries",SP,Panchia,Active
63,"Unity Mcbride","Facilisis Non Inc.",WA,"Corroy ",Active
64,"Ranchi Patel","Mi Felis Adipiscing Institute",Vienna,Queilen,Active
65,"Test Test","Non Nisi LLC",odzkie,Salles,Active
66,"Yogesh Patel","Et Industries",Delta,"Dept-2 OF Br2",Active
